avg_len,num_unique_ports,num_unique_dst,num_unique_src,num_unique_ttl,num_unique_chksum,packet_count,target
604.7865589,46,18,18,8,3160,3467,1
622.430227577985,51,20,20,15,2513,4534,1
604.8779209913,57,22,22,7,3041,2500,1
623.314249008997,43,17,17,11,2680,5642,1
621.7899850617,57,20,20,8,2908,2544,1
639.045015240325,56,17,17,17,2847,2874,1
630.977349686355,55,22,22,12,3444,2798,1
602.644121718801,48,17,17,7,3164,5292,1
629.124210695635,53,19,19,18,3093,3839,1
